{
  "usingComponents":{ "van-grid": "../../miniprogram_npm/@vant/weapp/grid/index",
    "van-grid-item": "../../miniprogram_npm/@vant/weapp/grid-item/index",
    "van-popup": "../../miniprogram_npm/@vant/weapp/popup/index",
    "van-field": "../../miniprogram_npm/@vant/weapp/field/index",
    "van-image": "../../miniprogram_npm/@vant/weapp/image/index",
    "van-cell": "../../miniprogram_npm/@vant/weapp/cell/index",
  "van-cell-group": "../../miniprogram_npm/@vant/weapp/cell-group/index",
  "van-row": "../../miniprogram_npm/@vant/weapp/row/index",
  "van-col": "../../miniprogram_npm/@vant/weapp/col/index",
  "van-button": "../../miniprogram_npm/@vant/weapp/button/index",
  "van-dropdown-menu": "../../miniprogram_npm/@vant/weapp/dropdown-menu/index",
  "van-dropdown-item": "../../miniprogram_npm/@vant/weapp/dropdown-item/index",
  "van-tabbar": "@vant/weapp/tabbar/index",
  "van-tabbar-item": "@vant/weapp/tabbar-item/index",
  "van-icon": "@vant/weapp/icon/index"
  }
}