{
  "usingComponents": {
    "van-tab": "@vant/weapp/tab/index",
    "van-tabs": "@vant/weapp/tabs/index",
    "van-dropdown-menu": "@vant/weapp/dropdown-menu/index",
    "van-dropdown-item": "@vant/weapp/dropdown-item/index",
    "van-rate": "@vant/weapp/rate/index",
    "van-slider": "@vant/weapp/slider/index",
    "van-button": "@vant/weapp/button/index",
    "van-cell": "@vant/weapp/cell/index",
    "van-cell-group": "@vant/weapp/cell-group/index",
    "van-divider": "@vant/weapp/divider/index"
  }
}